App,LOC,Total Methods,App Methods,Concrete App Methods,Total Methods FD, FD App Methods,Total Methods Droidel, Droidel App Methods,FD Per Missed, Droidel Per Missed, Time FlowDroid, Time Droidel, Time Call Graph Droidel
k9,5357,780,2337,4447,17.8205128205,1.41025641026
wordpress,5796,2042,2932,4854,32.3212536729,3.23212536729
spycamera,254,156,61,202,74.358974359,3.20512820513
duckduckgo,935,520,508,639,35.1923076923,17.8846153846
npr,341,96,219,274,20.8333333333,6.25
